{
  "global_step": 900,
  "best_wer": 0.42424242424242425,
  "learning_rate": 1e-05,
  "train_losses": [
    1.3997918888926506,
    1.2937344070523977,
    0.9985731765627861,
    1.5006183162331581,
    0.7235330857802182,
    1.236179044470191,
    1.6689125546254218,
    1.5818584952503443,
    1.1793799861334264,
    1.4910597018897533,
    2.051626255735755,
    1.143182683736086,
    1.584897730499506,
    1.6564580481499434,
    1.3397237053140998,
    1.381908681243658,
    1.0421496666967869,
    2.079572170972824,
    1.2781093303347006,
    1.432182490825653,
    0.8576301538851112,
    1.8754404857754707,
    1.1037065635900944,
    1.6550812870264053,
    1.3875738410279155,
    1.4704065173864365,
    1.3477887189947069,
    1.3438962493091822,
    0.7739203167147934,
    1.2761892573907971,
    1.436955213546753,
    0.9123595617711544,
    1.3470608522184193,
    2.2704744786024094,
    1.373652122914791,
    1.3233242575079203,
    0.7799189537763596,
    1.3437281139194965,
    1.0884770564734936,
    1.2477999404072762,
    0.8217021245509386,
    1.694897262379527,
    1.2953096752753481,
    1.4296173751354218,
    1.0615629758685827,
    0.8536511929705739,
    1.439009040594101,
    0.7840728126466274,
    1.3619853556156158,
    0.9662376046180725
  ],
  "eval_results": [
    {
      "wer": 0.49696969696969695,
      "cer": 0.3690337601862631,
      "90pct_agreement": 0.3,
      "val_loss": 1.4108664624234586,
      "step": 300
    },
    {
      "wer": 0.4303030303030303,
      "cer": 0.29336437718277064,
      "90pct_agreement": 0.36,
      "val_loss": 1.2436971065932387,
      "step": 600
    },
    {
      "wer": 0.42424242424242425,
      "cer": 0.2956926658905704,
      "90pct_agreement": 0.36,
      "val_loss": 1.172511111550143,
      "step": 900
    }
  ]
}