model,wer,cer,pct_90_agree,avg_rtf,n_utterances,wall_time_sec,error
openai/whisper-large-v3,0.32228915662650603,0.2153055396916048,0.175,0.7065154950621907,40,86.4381604999653,
